filename,width,height,class,xmin,ymin,xmax,ymax
10mae0.full.2781091.jpg,2324,1252,Text,209,12,421,97
10mae0.full.2781091.jpg,2324,1252,Text,725,375,1513,466
10mae0.full.2781091.jpg,2324,1252,Text,1678,960,2266,1051
10mae0.full.2781091.jpg,2324,1252,Animal ears,1003,972,1357,1069
10mae0.full.2781091.jpg,2324,1252,Animal ears,88,293,509,506
10mae0.full.2781091.jpg,2324,1252,Short Hair,1587,297,1773,562
10mae0.full.2781091.jpg,2324,1252,Short Hair,1694,72,1910,285
10mae0.full.2781091.jpg,2324,1252,Short Hair,851,68,1070,302
10mae0.full.2781091.jpg,2324,1252,Short Hair,333,153,534,336
10mae0.full.2781091.jpg,2324,1252,Short Hair,196,142,382,324
10mae0.full.2781091.jpg,2324,1252,Open Mouth,1198,703,1234,717
10mae0.full.2781091.jpg,2324,1252,Bent Knees,1040,853,1467,962
10mae0.full.2781091.jpg,2324,1252,Smile,425,296,484,342
10mae0.full.2781091.jpg,2324,1252,Male,1696,50,2243,1216
10mae0.full.2781091.jpg,2324,1252,Female,1568,290,2053,1229
10mae0.full.2781091.jpg,2324,1252,Female,753,57,1147,1209
10mae0.full.2781091.jpg,2324,1252,Female,81,77,420,1193
10mae0.full.2781091.jpg,2324,1252,Female,332,149,707,1196
10mae0.full.2781091.jpg,2324,1252,Female,1088,523,1391,1193
1993jwp.full.2864147.jpg,3348,4868,Animal ears,1231,266,1791,706
1993jwp.full.2864147.jpg,3348,4868,book,2166,691,3171,1456
1993jwp.full.2864147.jpg,3348,4868,Text,946,4686,2341,4776
1993jwp.full.2864147.jpg,3348,4868,Long Hair,1021,536,1826,1606
1993jwp.full.2864147.jpg,3348,4868,Female,901,396,2101,4591
218.(Artist).full.2808390.png,614,656,Animal ears,136,1,493,175
218.(Artist).full.2808390.png,614,656,Short Hair,173,62,510,374
218.(Artist).full.2808390.png,614,656,Umbrella,47,1,612,655
218.(Artist).full.2808390.png,614,656,Female,150,67,500,655
218.(Artist).full.2808390.png,614,656,Hair Bow,325,92,459,200
218.(Artist).full.2808390.png,614,656,Hair Bow,114,94,243,283
ALICE=ALICE.full.2788274.png,1188,922,Animal ears,354,1,833,128
ALICE=ALICE.full.2788274.png,1188,922,Hair Bow,819,210,1109,459
ALICE=ALICE.full.2788274.png,1188,922,Short Hair,300,8,856,356
ALICE=ALICE.full.2788274.png,1188,922,Short Hair,696,215,1105,616
ALICE=ALICE.full.2788274.png,1188,922,Bent Knees,27,526,597,922
ALICE=ALICE.full.2788274.png,1188,922,Smile,525,292,616,318
ALICE=ALICE.full.2788274.png,1188,922,Male,319,1,866,409
ALICE=ALICE.full.2788274.png,1188,922,Female,680,217,1007,547
Alicerabbit.full.2851782.png,827,697,Open Mouth,229,322,266,364
Alicerabbit.full.2851782.png,827,697,Long Hair,19,175,393,566
Alicerabbit.full.2851782.png,827,697,Animal ears,208,228,380,424
Alicerabbit.full.2851782.png,827,697,Female,198,279,328,392
Alicerabbit.full.2851782.png,827,697,Animal ears,485,205,622,304
Alicerabbit.full.2851782.png,827,697,Long Hair,523,248,725,689
Alicerabbit.full.2851782.png,827,697,Female,540,308,645,411
Alicerabbit.full.2851782.png,827,697,Hair Bow,619,270,681,349
Alicerabbit.full.2851782.png,827,697,Hat,352,275,415,382
Alicerabbit.full.2851782.png,827,697,Hair Bow,31,460,108,513
Alicerabbit.full.2851782.png,827,697,Hair Bow,237,485,301,555
Alicerabbit.full.2851782.png,827,697,Hair Bow,305,635,328,692
Alicerabbit.full.2851782.png,827,697,Hair Bow,462,640,488,690
Alicerabbit.full.2851782.png,827,697,Animal ears,25,628,232,696
Alicerabbit.full.2851782.png,827,697,Text,319,24,531,271
Alicerabbit.full.2851782.png,827,697,Text,651,20,779,259
Alicerabbit.full.2851782.png,827,697,Text,432,359,505,408
Alicerabbit.full.2851782.png,827,697,Text,442,430,502,481
40hara.full.2813436.jpg,1000,1153,Animal ears,188,108,458,314
40hara.full.2813436.jpg,1000,1153,Long Hair,226,215,465,641
40hara.full.2813436.jpg,1000,1153,Female,181,106,478,859
40hara.full.2813436.jpg,1000,1153,Text,170,334,265,543
40hara.full.2813436.jpg,1000,1153,Text,454,11,762,716
40hara.full.2813437.jpg,1000,1153,Animal ears,82,212,448,393
40hara.full.2813437.jpg,1000,1153,Long Hair,54,277,443,962
40hara.full.2813437.jpg,1000,1153,Text,436,318,527,534
40hara.full.2813437.jpg,1000,1153,Text,626,65,828,688
40hara.full.2813437.jpg,1000,1153,Female,50,206,493,1153
40hara.full.2813437.jpg,1000,1153,Male,36,1,528,298
40hara.full.2813450.jpg,976,1338,Text,73,27,375,940
40hara.full.2813450.jpg,976,1338,Animal ears,237,243,427,414
40hara.full.2813450.jpg,976,1338,Open Mouth,424,524,605,658
40hara.full.2813450.jpg,976,1338,Female,25,74,972,1338
40hara.full.2813457.jpg,1000,1414,Animal ears,144,261,834,482
40hara.full.2813457.jpg,1000,1414,Long Hair,140,299,765,1095
40hara.full.2813457.jpg,1000,1414,Female,127,243,858,1131
40hara.full.2813457.jpg,1000,1414,Animal ears,309,931,639,1050
40hara.full.2813457.jpg,1000,1414,Hat,312,158,764,338
40hara.full.2813464.jpg,1000,1414,Animal ears,41,371,606,647
40hara.full.2813464.jpg,1000,1414,Text,20,20,825,400
40hara.full.2813464.jpg,1000,1414,Text,481,1196,981,1388
40hara.full.2813464.jpg,1000,1414,Animal ears,260,1172,315,1233
40hara.full.2813464.jpg,1000,1414,Long Hair,133,467,825,1048
40hara.full.2813464.jpg,1000,1414,Female,41,89,954,1219
40hara.full.2813469.jpg,1960,2547,Animal ears,27,1,1620,803
40hara.full.2813469.jpg,1960,2547,Open Mouth,863,1298,975,1411
40hara.full.2813469.jpg,1960,2547,Long Hair,214,175,1857,2531
40hara.full.2813469.jpg,1960,2547,Female,152,3,1870,2547
40hara.full.2813474.jpg,1960,2547,Animal ears,150,6,1729,772
40hara.full.2813474.jpg,1960,2547,Text,1455,360,1960,1498
40hara.full.2813474.jpg,1960,2547,Text,101,713,296,1077
40hara.full.2813474.jpg,1960,2547,Text,534,2093,1260,2349
40hara.full.2813474.jpg,1960,2547,Text,778,1893,986,2049
40hara.full.2813474.jpg,1960,2547,Open Mouth,934,1418,1232,1498
40hara.full.2813474.jpg,1960,2547,Female,211,185,1783,2544
40hara.full.2813474.jpg,1960,2547,Long Hair,75,216,1634,2544
40hara.full.2813492.png,1000,1414,Animal ears,230,31,687,245
40hara.full.2813492.png,1000,1414,Animal ears,316,616,709,884
40hara.full.2813492.png,1000,1414,Text,348,13,587,107
40hara.full.2813492.png,1000,1414,Text,115,741,320,1060
40hara.full.2813492.png,1000,1414,Text,474,547,525,571
40hara.full.2813492.png,1000,1414,Long Hair,284,703,816,1148
40hara.full.2813492.png,1000,1414,Long Hair,264,107,682,645
40hara.full.2813492.png,1000,1414,Female,220,78,750,650
40hara.full.2813492.png,1000,1414,Female,241,658,826,1409
40hara.full.2813493.jpg,691,1000,Animal ears,113,19,511,235
40hara.full.2813493.jpg,691,1000,Long Hair,88,58,466,666
40hara.full.2813493.jpg,691,1000,Text,285,512,448,620
40hara.full.2813493.jpg,691,1000,Text,447,934,646,994
40hara.full.2813493.jpg,691,1000,Female,67,10,643,959
40hara.full.2813493.jpg,691,1000,Open Mouth,271,333,342,388
40hara.full.2813493.jpg,691,1000,Text,294,482,344,508
40hara.full.2813494.png,1000,1225,Animal ears,450,106,833,278
40hara.full.2813494.png,1000,1225,Long Hair,446,140,863,723
40hara.full.2813494.png,1000,1225,Female,399,128,884,1036
40hara.full.2813494.png,1000,1225,Text,253,14,880,155
40hara.full.2813494.png,1000,1225,Text,152,928,379,1023
40hara.full.2813494.png,1000,1225,Text,617,551,672,584
40hara.full.2813494.png,1000,1225,Text,579,637,705,689
40hara.full.2813496.png,1000,1225,Text,116,706,211,942
40hara.full.2813496.png,1000,1225,Text,240,447,292,529
40hara.full.2813496.png,1000,1225,Text,450,715,574,742
40hara.full.2813496.png,1000,1225,Text,479,638,524,672
40hara.full.2813496.png,1000,1225,Long Hair,283,237,738,679
40hara.full.2813496.png,1000,1225,Female,244,179,964,1061
40hara.full.2813496.png,1000,1225,Open Mouth,421,553,455,578
40hara.full.2813496.png,1000,1225,Animal ears,253,197,625,383
40hara.full.2813497.jpg,1000,1563,Animal ears,282,223,630,476
40hara.full.2813497.jpg,1000,1563,Long Hair,358,280,657,871
40hara.full.2813497.jpg,1000,1563,Text,447,682,638,769
40hara.full.2813497.jpg,1000,1563,Text,513,652,565,701
40hara.full.2813497.jpg,1000,1563,Open Mouth,502,555,521,574
40hara.full.2813497.jpg,1000,1563,Female,268,280,697,1526
40hara.full.2813498.png,1000,1414,Animal ears,474,110,884,329
40hara.full.2813498.png,1000,1414,Long Hair,467,154,871,816
40hara.full.2813498.png,1000,1414,Female,377,119,925,1067
40hara.full.2813498.png,1000,1414,book,392,234,454,374
40hara.full.2813498.png,1000,1414,book,241,30,332,302
40hara.full.2813499.png,1000,1414,Animal ears,168,227,501,492
40hara.full.2813499.png,1000,1414,Long Hair,263,298,748,668
40hara.full.2813499.png,1000,1414,Text,494,676,567,729
40hara.full.2813499.png,1000,1414,Open Mouth,444,555,464,584
40hara.full.2813499.png,1000,1414,Female,153,243,799,1268
Aamir.(P.D).full.2824685.png,1295,1295,Animal ears,176,151,894,450
Aamir.(P.D).full.2824685.png,1295,1295,Flower,872,307,1295,489
Aamir.(P.D).full.2824685.png,1295,1295,Flower,1,828,355,1286
Aamir.(P.D).full.2824685.png,1295,1295,Short Hair,287,124,823,591
Aamir.(P.D).full.2824685.png,1295,1295,Scarf,228,529,873,860
Aamir.(P.D).full.2824685.png,1295,1295,Female,190,110,1237,1295
40hara.full.2813412.png,1111,1000,Animal ears,596,213,912,422
40hara.full.2813412.png,1111,1000,Male,106,1,614,555
40hara.full.2813412.png,1111,1000,Open Mouth,684,554,704,577
40hara.full.2813412.png,1111,1000,Female,588,254,943,712
40hara.full.2813413.png,1111,1000,Animal ears,590,210,952,414
40hara.full.2813413.png,1111,1000,Female,589,263,897,700
40hara.full.2813413.png,1111,1000,Male,90,2,596,570
40hara.full.2813413.png,1111,1000,Open Mouth,683,555,703,579
40hara.full.2813413.png,1111,1000,Long Hair,582,270,948,669
40hara.full.2813414.jpg,1000,1323,Animal ears,247,7,717,263
40hara.full.2813414.jpg,1000,1323,Female,35,67,768,1308
40hara.full.2813414.jpg,1000,1323,Long Hair,335,74,776,643
40hara.full.2813418.png,1000,1119,Animal ears,245,155,430,249
40hara.full.2813418.png,1000,1119,Female,222,150,446,355
40hara.full.2813418.png,1000,1119,Male,59,190,813,1095
40hara.full.2813418.png,1000,1119,Short Hair,534,195,747,392
40hara.full.2813418.png,1000,1119,Bent Knees,250,621,511,891
40hara.full.2813419.png,1000,1119,Animal ears,326,23,568,140
40hara.full.2813419.png,1000,1119,Open Mouth,426,230,459,259
40hara.full.2813419.png,1000,1119,Female,319,15,601,1015
40hara.full.2813419.png,1000,1119,Male,101,193,749,1103
40hara.full.2813419.png,1000,1119,Text,143,49,297,473
40hara.full.2813419.png,1000,1119,Text,573,100,638,246
40hara.full.2813419.png,1000,1119,Text,744,73,925,320
Aamir.(P.D).full.2824687.jpg,636,900,Animal ears,69,92,568,260
Aamir.(P.D).full.2824687.jpg,636,900,Long Hair,186,115,503,522
Aamir.(P.D).full.2824687.jpg,636,900,Male,6,87,592,900
Akashi.(Azur.Lane).full.2762960.jpg,660,932,Animal ears,117,56,493,327
Akashi.(Azur.Lane).full.2762960.jpg,660,932,Long Hair,131,104,613,809
Akashi.(Azur.Lane).full.2762960.jpg,660,932,Female,93,74,600,916
Akashi.(Azur.Lane).full.2762960.jpg,660,932,School Uniform,103,393,551,916
Alastor.(Hazbin).full.2831535.jpg,600,704,Animal ears,360,392,491,522
Alastor.(Hazbin).full.2831535.jpg,600,704,Text,95,342,245,411
Alastor.(Hazbin).full.2831535.jpg,600,704,Text,143,364,328,455
Alastor.(Hazbin).full.2831535.jpg,600,704,Heart,127,580,154,602
Alastor.(Hazbin).full.2831535.jpg,600,704,Heart,172,602,195,625
Alastor.(Hazbin).full.2831535.jpg,600,704,Heart,22,41,60,80
Alastor.(Hazbin).full.2831535.jpg,600,704,Heart,101,36,146,77
Alastor.(Hazbin).full.2831535.jpg,600,704,Heart,170,64,201,91
Alastor.(Hazbin).full.2831535.jpg,600,704,Text,300,102,351,187
Alastor.(Hazbin).full.2831535.jpg,600,704,Text,144,258,186,282
Alastor.(Hazbin).full.2831535.jpg,600,704,Male,310,1,591,326
Alastor.(Hazbin).full.2831535.jpg,600,704,Smile,402,151,493,193
Alastor.(Hazbin).full.2831535.jpg,600,704,Short Hair,347,475,491,605
Alastor.(Hazbin).full.2831535.jpg,600,704,Short Hair,315,2,581,216
Alice.Claudia.full.2851891.png,800,1457,Animal ears,145,70,642,218
Alice.Claudia.full.2851891.png,800,1457,Long Hair,11,31,794,1448
Alice.Claudia.full.2851891.png,800,1457,Female,116,42,645,1454
Alice.Claudia.full.2851891.png,800,1457,book,403,544,574,731
Alice.Claudia.full.2851891.png,800,1457,Flower,174,821,207,868
Alice.Claudia.full.2851891.png,800,1457,Flower,197,800,230,829
Alice.Claudia.full.2851891.png,800,1457,Flower,281,848,325,890
Alice.Claudia.full.2851891.png,800,1457,Flower,280,826,322,850
Alice.Claudia.full.2851891.png,800,1457,Flower,404,831,430,865
Alice.Claudia.full.2851891.png,800,1457,Flower,423,861,465,896
Alice.Claudia.full.2851891.png,800,1457,Flower,558,807,584,841
Alice.Claudia.full.2851891.png,800,1457,Flower,559,832,601,868
Alice.Claudia.full.2851891.png,800,1457,Flower,219,1070,349,1228
Alice.Claudia.full.2851891.png,800,1457,Flower,198,1213,332,1418
Alice.Claudia.full.2851891.png,800,1457,Flower,500,1267,598,1379
Alice.Claudia.full.2851891.png,800,1457,Flower,496,1068,630,1241
Alice.Claudia.full.2851891.png,800,1457,Flower,645,663,738,760
Alice.Claudia.full.2851891.png,800,1457,Flower,691,863,769,989
Alice.Claudia.full.2851891.png,800,1457,Flower,111,683,191,771
Alice.Claudia.full.2851891.png,800,1457,Flower,1,838,132,1073
Alice.Claudia.full.2851891.png,800,1457,Flower,27,1322,110,1418
Alice.Claudia.full.2851891.png,800,1457,heterochromia,306,239,477,299
Alice.Claudia.full.2853895.jpg,800,855,Text,39,282,208,582
Alice.Claudia.full.2853895.jpg,800,855,Animal ears,125,20,388,113
Alice.Claudia.full.2853895.jpg,800,855,Hair Bow,318,98,396,193
Alice.Claudia.full.2853895.jpg,800,855,Hair Bow,216,111,284,142
Alice.Claudia.full.2853895.jpg,800,855,Long Hair,1,87,797,855
Alice.Claudia.full.2853895.jpg,800,855,Female,122,40,646,855
Alice.Claudia.full.2854168.png,600,1226,Animal ears,143,1,525,218
Alice.Claudia.full.2854168.png,600,1226,Text,36,85,118,128
Alice.Claudia.full.2854168.png,600,1226,heterochromia,218,287,444,388
Alice.Claudia.full.2854168.png,600,1226,Bent Knees,30,937,582,1205
Alice.Claudia.full.2854168.png,600,1226,Open Mouth,299,398,308,411
Alice.Claudia.full.2854168.png,600,1226,Flower,36,394,102,449
Alice.Claudia.full.2854168.png,600,1226,Flower,7,556,97,629
Alice.Claudia.full.2854168.png,600,1226,Flower,119,1178,236,1226
Alice.Claudia.full.2854168.png,600,1226,Hair Bow,271,112,425,209
Alice.Claudia.full.2854168.png,600,1226,Hair Bow,475,198,558,490
Alice.Claudia.full.2854168.png,600,1226,Hair Bow,142,209,227,428
Alice.Claudia.full.2854168.png,600,1226,Long Hair,54,114,596,814
Alice.Claudia.full.2854168.png,600,1226,Female,38,77,564,1187
Alice.Claudia.full.2858713.jpg,2068,2955,Animal ears,1112,48,1641,351
Alice.Claudia.full.2858713.jpg,2068,2955,Hat,1273,165,1479,321
Alice.Claudia.full.2858713.jpg,2068,2955,Flower,1623,318,1709,418
Alice.Claudia.full.2858713.jpg,2068,2955,Flower,1094,357,1176,451
Alice.Claudia.full.2858713.jpg,2068,2955,heterochromia,1212,536,1579,648
Alice.Claudia.full.2858713.jpg,2068,2955,Wings,582,1019,2068,1433
Alice.Claudia.full.2858713.jpg,2068,2955,Text,14,536,964,1986
Alice.Claudia.full.2858713.jpg,2068,2955,Long Hair,614,198,2062,2836
Alice.Claudia.full.2858713.jpg,2068,2955,Female,900,242,1841,2880
Ahri.full.2739211.jpg,638,825,Animal ears,163,22,361,141
Ahri.full.2739211.jpg,638,825,Long Hair,196,33,627,400
Ahri.full.2739211.jpg,638,825,Female,33,33,633,822
Ahri.full.2742675.png,1000,1482,Animal ears,414,15,844,310
Ahri.full.2742675.png,1000,1482,Long Hair,197,228,797,1222
Ahri.full.2742675.png,1000,1482,Female,330,206,1000,1481
Ahri.full.2744998.jpg,630,630,Animal ears,53,1,613,161
Ahri.full.2744998.jpg,630,630,Long Hair,1,1,624,628
Ahri.full.2744998.jpg,630,630,Female,4,2,625,621
Ahri.full.2744998.jpg,630,630,Smile,296,348,376,375
Ahri.full.2744998.jpg,630,630,Hair Bow,458,23,550,276
Aida.Mana.full.2858321.jpg,768,1024,Animal ears,152,46,741,276
Aida.Mana.full.2858321.jpg,768,1024,Open Mouth,366,375,433,423
Aida.Mana.full.2858321.jpg,768,1024,Female,55,51,736,1022
Ahri.full.2753119.png,1258,2042,Flower,178,1311,498,1662
Ahri.full.2753119.png,1258,2042,Flower,76,1732,394,1973
Ahri.full.2753119.png,1258,2042,Flower,403,1844,560,1964
Ahri.full.2753119.png,1258,2042,Flower,307,350,517,546
Ahri.full.2753119.png,1258,2042,Flower,284,95,631,405
Ahri.full.2753119.png,1258,2042,Flower,972,66,1254,330
Ahri.full.2753119.png,1258,2042,Long Hair,190,79,1190,1001
Ahri.full.2753119.png,1258,2042,Female,121,362,1239,1797
Ahri.full.2753119.png,1258,2042,Bent Knees,358,852,978,1726
Ahri.full.2759445.jpg,4000,4500,Animal ears,1724,129,2588,647
Ahri.full.2759445.jpg,4000,4500,Flower,1743,1070,1911,1238
Ahri.full.2759445.jpg,4000,4500,Flower,2343,1679,2570,1906
Ahri.full.2759445.jpg,4000,4500,Flower,2297,2379,2565,2692
Ahri.full.2759445.jpg,4000,4500,Flower,2534,1929,2693,2101
Ahri.full.2759445.jpg,4000,4500,Flower,2070,1692,2247,1901
Ahri.full.2759445.jpg,4000,4500,Flower,1929,1288,2134,1429
Ahri.full.2759445.jpg,4000,4500,Flower,1965,1479,2097,1620
Ahri.full.2759445.jpg,4000,4500,Flower,2265,997,2397,1183
Ahri.full.2759445.jpg,4000,4500,Flower,2261,856,2361,1006
Ahri.full.2759445.jpg,4000,4500,Flower,2079,992,2261,1142
Ahri.full.2759445.jpg,4000,4500,Flower,2161,856,2229,951
Ahri.full.2759445.jpg,4000,4500,Long Hair,1734,192,2752,2010
Ahri.full.2759445.jpg,4000,4500,Female,1134,101,3006,4492
Ahri.full.2766952.png,1500,1500,Animal ears,71,166,900,796
Ahri.full.2766952.png,1500,1500,Long Hair,43,460,1041,1349
Ahri.full.2766952.png,1500,1500,Female,22,116,1474,1334
Ahri.full.2769521.jpg,650,722,Animal ears,103,1,466,163
Ahri.full.2769521.jpg,650,722,Hair Bow,325,215,543,439
Ahri.full.2769521.jpg,650,722,Long Hair,61,31,648,720
Ahri.full.2769521.jpg,650,722,Female,48,18,530,720
Ahri.full.2774150.jpg,800,1208,Animal ears,390,394,745,709
Ahri.full.2774150.jpg,800,1208,Open Mouth,344,761,424,820
Ahri.full.2799309.png,800,1200,Animal ears,183,4,505,149
Ahri.full.2799309.png,800,1200,Long Hair,182,134,690,613
Ahri.full.2799309.png,800,1200,Female,1,110,765,1196
Ahri.full.2799309.png,800,1200,Bent Knees,1,703,743,1199
Ahri.full.2799309.png,800,1200,Hat,248,46,582,221
Ahri.full.2804407.jpg,676,1000,Animal ears,156,20,445,140
Ahri.full.2804407.jpg,676,1000,Heart,284,325,442,433
Ahri.full.2804407.jpg,676,1000,Heart,310,347,346,385
Ahri.full.2804407.jpg,676,1000,Heart,370,582,413,613
Ahri.full.2804407.jpg,676,1000,Long Hair,145,58,527,730
Ahri.full.2804407.jpg,676,1000,Female,36,53,611,998
Ahri.full.2805241.jpg,3000,4984,Heart,772,1,1219,404
Ahri.full.2805241.jpg,3000,4984,Heart,1,327,977,1534
Ahri.full.2805241.jpg,3000,4984,Heart,1582,2039,1857,2279
Ahri.full.2805241.jpg,3000,4984,Heart,2077,3239,2422,3549
Ahri.full.2805241.jpg,3000,4984,Long Hair,652,179,2972,3579
Ahri.full.2805241.jpg,3000,4984,Female,387,174,2782,4964
Ahri.full.2805241.jpg,3000,4984,Animal ears,947,1,2714,474
Ahri.full.2809709.jpg,1024,1239,Heart,486,478,544,514
Ahri.full.2809709.jpg,1024,1239,Heart,750,240,984,461
Ahri.full.2809709.jpg,1024,1239,Heart,621,100,686,162
Ahri.full.2809709.jpg,1024,1239,Animal ears,295,14,679,184
Ahri.full.2809709.jpg,1024,1239,Long Hair,12,67,649,1079
Ahri.full.2809709.jpg,1024,1239,Female,145,71,943,1232
Ahri.full.2824701.jpg,616,900,Open Mouth,269,216,318,238
Ahri.full.2824701.jpg,616,900,Animal ears,111,10,460,146
Ahri.full.2824701.jpg,616,900,Heart,255,11,313,57
Ahri.full.2824701.jpg,616,900,Hat,192,1,372,87
Ahri.full.2824701.jpg,616,900,Heart,245,368,301,408
Ahri.full.2824701.jpg,616,900,Heart,259,341,294,365
Ahri.full.2824701.jpg,616,900,Long Hair,175,74,616,583
Ahri.full.2824701.jpg,616,900,Bent Knees,1,640,594,896
Ahri.full.2824701.jpg,616,900,Female,26,23,576,891
Ahri.full.2835932.jpg,1536,2048,Animal ears,493,669,650,782
Ahri.full.2835932.jpg,1536,2048,Long Hair,519,704,1142,1302
Ahri.full.2835932.jpg,1536,2048,Text,258,1369,448,1947
Ahri.full.2835932.jpg,1536,2048,Text,154,1508,282,1951
Ahri.full.2835932.jpg,1536,2048,Text,90,1841,162,1937
Ahri.full.2835932.jpg,1536,2048,Female,315,661,1033,1847
Ahri.full.2835932.jpg,1536,2048,Tree,58,335,350,996
Ahri.full.2835932.jpg,1536,2048,Tree,1117,192,1484,890
Ahri.full.2836331.jpg,1364,1500,Animal ears,550,185,1012,445
Ahri.full.2836331.jpg,1364,1500,Animal ears,3,193,91,406
Ahri.full.2836331.jpg,1364,1500,Open Mouth,709,616,781,676
Ahri.full.2836331.jpg,1364,1500,Open Mouth,139,615,209,649
Ahri.full.2836331.jpg,1364,1500,Female,436,264,1139,1418
Ahri.full.2836331.jpg,1364,1500,Female,423,236,1088,1433
Ahri.full.2836331.jpg,1364,1500,Female,17,257,320,1390
Ahri.full.2836331.jpg,1364,1500,Long Hair,1,263,375,954
Ahri.full.2837777.jpg,804,1200,Animal ears,311,90,609,211
Ahri.full.2837777.jpg,804,1200,Flower,455,202,497,245
Ahri.full.2837777.jpg,804,1200,Flower,357,192,390,231
Ahri.full.2837777.jpg,804,1200,Flower,149,169,227,218
Ahri.full.2837777.jpg,804,1200,Flower,211,157,251,210
Ahri.full.2837777.jpg,804,1200,Flower,13,289,51,328
Ahri.full.2837777.jpg,804,1200,Flower,21,330,68,364
Ahri.full.2837777.jpg,804,1200,Flower,8,445,45,484
Ahri.full.2837777.jpg,804,1200,Flower,46,614,94,651
Ahri.full.2837777.jpg,804,1200,Flower,102,978,145,1023
Ahri.full.2837777.jpg,804,1200,Flower,499,1057,550,1096
Ahri.full.2837777.jpg,804,1200,Flower,755,1092,785,1123
Ahri.full.2837777.jpg,804,1200,Flower,774,1109,804,1140
Ahri.full.2837777.jpg,804,1200,Flower,770,1049,804,1096
Ahri.full.2837777.jpg,804,1200,Flower,635,282,670,299
Ahri.full.2837777.jpg,804,1200,Flower,639,222,670,242
Ahri.full.2837777.jpg,804,1200,Flower,752,551,804,621
Ahri.full.2837777.jpg,804,1200,Flower,770,643,804,694
Ahri.full.2837777.jpg,804,1200,Flower,737,1055,760,1088
Ahri.full.2837777.jpg,804,1200,Female,123,84,678,1078
Ahri.full.2837777.jpg,804,1200,Long Hair,332,113,561,398
Ain.(Elsword).full.2828018.jpg,1400,700,Animal ears,522,1,844,301
Ain.(Elsword).full.2828018.jpg,1400,700,Flower,676,240,760,287
Ain.(Elsword).full.2828018.jpg,1400,700,Flower,657,270,734,317
Ain.(Elsword).full.2828018.jpg,1400,700,Flower,635,294,706,347
Ain.(Elsword).full.2828018.jpg,1400,700,Male,348,69,981,698
Ain.(Elsword).full.2828018.jpg,1400,700,Short Hair,583,80,943,361
Ain.(Elsword).full.2828018.jpg,1400,700,Text,16,614,314,682
Akagi-chan.(Azur.Lane).full.2762972.jpg,720,699,Animal ears,178,2,455,166
Akagi-chan.(Azur.Lane).full.2762972.jpg,720,699,Short Hair,81,47,478,327
Akagi-chan.(Azur.Lane).full.2762972.jpg,720,699,Open Mouth,191,271,233,311
Akagi-chan.(Azur.Lane).full.2762972.jpg,720,699,Female,41,31,570,699
Akagi.(Azur.Lane).full.2799549.jpg,2386,1591,Animal ears,1583,1,2386,365
Akagi.(Azur.Lane).full.2799549.jpg,2386,1591,Long Hair,1314,100,2386,1591
Akagi.(Azur.Lane).full.2799549.jpg,2386,1591,Female,3,106,2154,1591
Akagi.(Azur.Lane).full.2799549.jpg,2386,1591,Smile,1667,680,1752,752
Akagi.(Azur.Lane).full.2857049.jpg,600,1000,Animal ears,109,1,378,126
Akagi.(Azur.Lane).full.2857049.jpg,600,1000,Long Hair,193,30,448,283
Akagi.(Azur.Lane).full.2857049.jpg,600,1000,Female,66,26,495,1000
Akagi.(Azur.Lane).full.2857049.jpg,600,1000,Bent Knees,82,645,499,997
Akemi.Homura.full.2782452.jpg,1575,2205,Text,833,188,1504,266
Akemi.Homura.full.2782452.jpg,1575,2205,Text,1024,66,1495,173
Akemi.Homura.full.2782452.jpg,1575,2205,Text,1017,1982,1504,2048
Akemi.Homura.full.2782452.jpg,1575,2205,Text,482,2066,1502,2139
Akemi.Homura.full.2782452.jpg,1575,2205,Long Hair,17,275,1504,1659
Akemi.Homura.full.2782452.jpg,1575,2205,Animal ears,162,24,822,493
Akemi.Homura.full.2782452.jpg,1575,2205,Open Mouth,615,733,735,822
Akemi.Homura.full.2782452.jpg,1575,2205,Female,131,139,1214,2205
Akemi.Homura.full.2782452.jpg,1575,2205,Hair Bow,797,333,1217,631
Ako.Wazaki.full.2803273.png,2508,3541,Animal ears,2,1,1866,984
Ako.Wazaki.full.2803273.png,2508,3541,Open Mouth,1187,1570,1487,1827
Ako.Wazaki.full.2803273.png,2508,3541,Text,2080,2545,2195,2623
Ako.Wazaki.full.2803273.png,2508,3541,Long Hair,16,523,1891,2809
Ako.Wazaki.full.2803273.png,2508,3541,Female,35,63,2398,3541
Alice.(Alice.in.Wonderland).full.2798168.jpg,637,1000,Animal ears,32,31,243,243
Alice.(Alice.in.Wonderland).full.2798168.jpg,637,1000,Animal ears,135,313,225,420
Alice.(Alice.in.Wonderland).full.2798168.jpg,637,1000,Bent Knees,69,433,487,973
Alice.(Alice.in.Wonderland).full.2798168.jpg,637,1000,Flower,125,247,174,307
Alice.(Alice.in.Wonderland).full.2798168.jpg,637,1000,Flower,102,276,145,327
Alice.(Alice.in.Wonderland).full.2798168.jpg,637,1000,Flower,120,117,176,166
Alice.(Alice.in.Wonderland).full.2798168.jpg,637,1000,Flower,461,111,508,164
Alice.(Alice.in.Wonderland).full.2798168.jpg,637,1000,Flower,498,153,524,183
Alice.(Alice.in.Wonderland).full.2798168.jpg,637,1000,Flower,450,175,496,215
Alice.(Alice.in.Wonderland).full.2798168.jpg,637,1000,Flower,423,127,464,177
Alice.(Alice.in.Wonderland).full.2798168.jpg,637,1000,Flower,361,58,414,115
Alice.(Alice.in.Wonderland).full.2798168.jpg,637,1000,Flower,452,23,525,112
Alice.(Alice.in.Wonderland).full.2798168.jpg,637,1000,Flower,406,22,470,74
Alice.(Alice.in.Wonderland).full.2798168.jpg,637,1000,Flower,322,44,370,78
Alice.(Alice.in.Wonderland).full.2798168.jpg,637,1000,Flower,268,41,306,83
Alice.(Alice.in.Wonderland).full.2798168.jpg,637,1000,Flower,219,51,266,99
Alice.(Alice.in.Wonderland).full.2798168.jpg,637,1000,Flower,176,25,223,65
Alice.(Alice.in.Wonderland).full.2798168.jpg,637,1000,Flower,97,96,135,129
Alice.(Alice.in.Wonderland).full.2798168.jpg,637,1000,Flower,93,140,141,179
Alice.(Alice.in.Wonderland).full.2798168.jpg,637,1000,Flower,103,645,137,697
Alice.(Alice.in.Wonderland).full.2798168.jpg,637,1000,Flower,95,713,146,769
Alice.(Alice.in.Wonderland).full.2798168.jpg,637,1000,Flower,99,841,133,866
Alice.(Alice.in.Wonderland).full.2798168.jpg,637,1000,Flower,292,869,311,900
Alice.(Alice.in.Wonderland).full.2798168.jpg,637,1000,Flower,317,873,345,901
Alice.(Alice.in.Wonderland).full.2798168.jpg,637,1000,Flower,360,860,418,919
Alice.(Alice.in.Wonderland).full.2798168.jpg,637,1000,Flower,325,897,373,934
Alice.(Alice.in.Wonderland).full.2798168.jpg,637,1000,Flower,405,894,458,944
Alice.(Alice.in.Wonderland).full.2798168.jpg,637,1000,Flower,453,856,532,931
Alice.(Alice.in.Wonderland).full.2798168.jpg,637,1000,Flower,498,836,530,868
Alice.(Alice.in.Wonderland).full.2798168.jpg,637,1000,Long Hair,190,93,604,447
Alice.(Alice.in.Wonderland).full.2798168.jpg,637,1000,Female,70,62,567,987
Alice.Claudia.full.2851865.png,1500,1542,Animal ears,258,36,460,231
Alice.Claudia.full.2851865.png,1500,1542,heterochromia,460,237,600,309
Alice.Claudia.full.2851865.png,1500,1542,Bent Knees,755,436,1372,1086
Alice.Claudia.full.2851865.png,1500,1542,Long Hair,154,99,703,1382
Alice.Claudia.full.2851865.png,1500,1542,Female,203,59,1306,1254
Alice.Claudia.full.2851865.png,1500,1542,book,346,1153,504,1393
Alice.Claudia.full.2851900.png,800,744,Wings,386,505,620,649
Alice.Claudia.full.2851900.png,800,744,Animal ears,87,6,321,160
Alice.Claudia.full.2851900.png,800,744,Hair Bow,282,88,416,175
Alice.Claudia.full.2851900.png,800,744,Text,513,117,635,169
Alice.Claudia.full.2851900.png,800,744,Text,505,674,668,697
Alice.Claudia.full.2851900.png,800,744,Hair Bow,114,148,155,289
Alice.Claudia.full.2851900.png,800,744,Long Hair,138,79,800,669
Alice.Claudia.full.2851900.png,800,744,Female,47,51,596,744
Alice.Claudia.full.2851900.png,800,744,Text,5,219,91,336
Alice.Claudia.full.2851912.png,507,712,heterochromia,138,265,307,309
Alice.Claudia.full.2851912.png,507,712,Animal ears,25,1,364,152
Alice.Claudia.full.2851912.png,507,712,Hat,160,40,276,134
Alice.Claudia.full.2851912.png,507,712,Text,407,247,507,390
Alice.Claudia.full.2851912.png,507,712,Long Hair,6,102,460,712
Alice.Claudia.full.2851912.png,507,712,book,1,470,202,710
Alice.Claudia.full.2851912.png,507,712,Text,9,235,55,337
Alice.Claudia.full.2851912.png,507,712,Female,53,106,392,712
Alice.Claudia.full.2852747.png,600,781,Text,19,300,123,357
Alice.Claudia.full.2852747.png,600,781,heterochromia,200,286,372,347
Alice.Claudia.full.2852747.png,600,781,Hat,246,85,337,154
Alice.Claudia.full.2852747.png,600,781,Animal ears,146,4,413,155
Alice.Claudia.full.2852747.png,600,781,Hair Bow,369,161,485,297
Alice.Claudia.full.2852747.png,600,781,Hair Bow,165,142,223,203
Alice.Claudia.full.2852747.png,600,781,Long Hair,21,101,554,704
Alice.Claudia.full.2852747.png,600,781,Female,85,113,478,706
Alice.Claudia.full.2853843.png,600,876,Text,89,565,140,736
Alice.Claudia.full.2853843.png,600,876,Tie,353,337,416,434
Alice.Claudia.full.2853843.png,600,876,heterochromia,317,214,467,274
Alice.Claudia.full.2853843.png,600,876,Animal ears,272,7,512,116
Alice.Claudia.full.2853843.png,600,876,Short Hair,273,76,549,334
Alice.Claudia.full.2853843.png,600,876,Text,172,18,278,142
Alice.Claudia.full.2853843.png,600,876,Text,13,70,96,154
Alice.Claudia.full.2853843.png,600,876,book,131,367,258,484
Alice.Claudia.full.2853843.png,600,876,Male,158,67,551,876
Alice.Claudia.full.2853844.png,700,1081,heterochromia,249,293,443,342
Alice.Claudia.full.2853844.png,700,1081,Text,28,290,157,452
Alice.Claudia.full.2853844.png,700,1081,Text,588,727,650,772
Alice.Claudia.full.2853844.png,700,1081,Text,586,770,688,830
Alice.Claudia.full.2853844.png,700,1081,Hair Bow,452,162,516,363
Alice.Claudia.full.2853844.png,700,1081,Hair Bow,185,164,250,397
Alice.Claudia.full.2853844.png,700,1081,Animal ears,156,1,477,166
Alice.Claudia.full.2853844.png,700,1081,Long Hair,6,106,684,1078
Alice.Claudia.full.2853844.png,700,1081,Female,67,114,611,1081
Alice.Claudia.full.2853845.png,800,1155,Animal ears,119,95,549,224
Alice.Claudia.full.2853845.png,800,1155,heterochromia,254,312,500,383
Alice.Claudia.full.2853845.png,800,1155,Long Hair,25,79,795,1151
Alice.Claudia.full.2853845.png,800,1155,Female,56,86,591,1155
Alice.Claudia.full.2853845.png,800,1155,Flower,464,1076,554,1134
Alice.Claudia.full.2853845.png,800,1155,Flower,328,1087,382,1140
Alice.Claudia.full.2853845.png,800,1155,Flower,207,1053,313,1148
Alice.Claudia.full.2853845.png,800,1155,Flower,324,997,431,1065
Alice.Claudia.full.2853845.png,800,1155,Flower,262,847,363,947
Alice.Claudia.full.2853845.png,800,1155,Flower,92,986,181,1054
Alice.Claudia.full.2853845.png,800,1155,Flower,1,1066,102,1137
Alice.Claudia.full.2853845.png,800,1155,Flower,223,769,288,841
Alice.Claudia.full.2853845.png,800,1155,Flower,287,683,347,740
Alice.Claudia.full.2853845.png,800,1155,Flower,235,564,315,641
Alice.Claudia.full.2853845.png,800,1155,Flower,99,892,150,938
Alice.Claudia.full.2853845.png,800,1155,Flower,408,955,424,976
Alice.Claudia.full.2853845.png,800,1155,Flower,443,970,479,1005
Alice.Claudia.full.2853845.png,800,1155,Flower,24,993,50,1017
Alice.Claudia.full.2853950.png,800,800,Heart,279,360,349,418
Alice.Claudia.full.2853950.png,800,800,heterochromia,293,237,463,272
Alice.Claudia.full.2853950.png,800,800,Long Hair,48,51,727,798
Alice.Claudia.full.2853950.png,800,800,Long Hair,38,159,205,448
Alice.Claudia.full.2853950.png,800,800,Text,584,229,618,485
Alice.Claudia.full.2853950.png,800,800,Text,638,134,686,489
Alice.Claudia.full.2853950.png,800,800,Text,604,7,789,29
Alice.Claudia.full.2853950.png,800,800,Flower,686,310,746,363
Alice.Claudia.full.2853950.png,800,800,Flower,708,355,789,432
Alice.Claudia.full.2853950.png,800,800,Flower,728,577,775,623
Alice.Claudia.full.2853950.png,800,800,Flower,654,661,739,763
Alice.Claudia.full.2853950.png,800,800,Flower,38,584,118,663
Alice.Claudia.full.2853950.png,800,800,Flower,66,540,124,604
Alice.Claudia.full.2853950.png,800,800,Flower,48,465,110,517
Alice.Claudia.full.2853950.png,800,800,Flower,113,251,192,334
Alice.Claudia.full.2853950.png,800,800,Flower,144,172,228,253
Alice.Claudia.full.2853950.png,800,800,Flower,171,112,261,184
Alice.Claudia.full.2853950.png,800,800,Hair Bow,494,93,540,257
Alice.Claudia.full.2853950.png,800,800,Hair Bow,236,106,298,257
Alice.Claudia.full.2853950.png,800,800,Hair Bow,307,83,460,157
Alice.Claudia.full.2853950.png,800,800,Animal ears,222,19,540,114
Alice.Claudia.full.2853950.png,800,800,Heart,245,717,293,749
Alice.Claudia.full.2853950.png,800,800,Heart,493,703,535,739
Alice.Claudia.full.2853950.png,800,800,Heart,509,445,544,464
Alice.Claudia.full.2853950.png,800,800,Heart,464,441,498,463
Alice.Claudia.full.2853950.png,800,800,Heart,299,441,328,460
Alice.Claudia.full.2853950.png,800,800,Heart,265,453,294,480
Alice.Claudia.full.2853950.png,800,800,Open Mouth,371,304,388,320
Alice.Claudia.full.2853950.png,800,800,Female,165,37,609,800
Alice.Claudia.full.2853956.png,600,900,Animal ears,12,1,332,211
Alice.Claudia.full.2853956.png,600,900,Hat,122,60,246,166
Alice.Claudia.full.2853956.png,600,900,Text,456,176,593,365
Alice.Claudia.full.2853956.png,600,900,Wings,85,544,599,751
Alice.Claudia.full.2853956.png,600,900,book,195,479,357,659
Alice.Claudia.full.2853956.png,600,900,heterochromia,156,259,336,358
Alice.Claudia.full.2853956.png,600,900,Long Hair,7,122,600,900
Alice.Claudia.full.2853956.png,600,900,Text,332,61,508,166
Alice.Claudia.full.2853956.png,600,900,Text,32,59,132,135
Alice.Claudia.full.2853956.png,600,900,Hair Bow,318,135,410,309
Alice.Claudia.full.2853956.png,600,900,Hair Bow,88,199,128,392
Alice.Claudia.full.2853998.png,800,842,Animal ears,177,75,427,247
Alice.Claudia.full.2853998.png,800,842,book,30,413,186,572
Alice.Claudia.full.2853998.png,800,842,Long Hair,158,103,644,578
Alice.Claudia.full.2853998.png,800,842,Female,172,106,596,842
Alice.Claudia.full.2853999.png,800,1384,heterochromia,278,356,515,408
Alice.Claudia.full.2853999.png,800,1384,Flower,544,226,604,297
Alice.Claudia.full.2853999.png,800,1384,Flower,185,227,235,278
Alice.Claudia.full.2853999.png,800,1384,Hair Bow,314,198,437,244
Alice.Claudia.full.2853999.png,800,1384,Animal ears,149,5,593,193
Alice.Claudia.full.2853999.png,800,1384,Text,486,1174,793,1219
Alice.Claudia.full.2853999.png,800,1384,Text,493,1229,790,1337
Alice.Claudia.full.2853999.png,800,1384,Text,512,1339,793,1372
Alice.Claudia.full.2853999.png,800,1384,Flower,23,9,101,76
Alice.Claudia.full.2853999.png,800,1384,Flower,274,1345,361,1384
Alice.Claudia.full.2853999.png,800,1384,Flower,278,1222,322,1271
Alice.Claudia.full.2853999.png,800,1384,Flower,208,1197,272,1259
Alice.Claudia.full.2853999.png,800,1384,Flower,197,1156,245,1198
Alice.Claudia.full.2853999.png,800,1384,Flower,112,979,229,1111
Alice.Claudia.full.2853999.png,800,1384,Flower,183,1071,240,1118
Alice.Claudia.full.2853999.png,800,1384,Flower,151,1100,182,1129
Alice.Claudia.full.2853999.png,800,1384,Flower,130,1116,171,1155
Alice.Claudia.full.2853999.png,800,1384,Flower,157,1248,188,1283
Alice.Claudia.full.2853999.png,800,1384,Flower,175,1274,200,1296
Alice.Claudia.full.2853999.png,800,1384,Flower,138,1281,178,1320
Alice.Claudia.full.2853999.png,800,1384,Flower,308,1187,360,1244
Alice.Claudia.full.2853999.png,800,1384,Flower,260,1153,327,1207
Alice.Claudia.full.2853999.png,800,1384,Flower,364,1068,401,1104
Alice.Claudia.full.2853999.png,800,1384,Flower,308,1002,375,1065
Alice.Claudia.full.2853999.png,800,1384,Flower,174,863,244,931
Alice.Claudia.full.2853999.png,800,1384,Flower,244,918,281,953
Alice.Claudia.full.2853999.png,800,1384,Flower,323,965,367,1018
Alice.Claudia.full.2853999.png,800,1384,Flower,405,1057,453,1116
Alice.Claudia.full.2853999.png,800,1384,Flower,390,1176,433,1218
Alice.Claudia.full.2853999.png,800,1384,Flower,370,1281,440,1342
Alice.Claudia.full.2853999.png,800,1384,Flower,434,1290,548,1379
Alice.Claudia.full.2853999.png,800,1384,Flower,485,1227,546,1293
Alice.Claudia.full.2853999.png,800,1384,Flower,437,1222,478,1264
Alice.Claudia.full.2853999.png,800,1384,Flower,442,1253,494,1307
Alice.Claudia.full.2853999.png,800,1384,Flower,538,1105,615,1175
Alice.Claudia.full.2853999.png,800,1384,Flower,556,1183,620,1245
Alice.Claudia.full.2853999.png,800,1384,Flower,538,1290,562,1315
Alice.Claudia.full.2853999.png,800,1384,Flower,515,857,572,909
Alice.Claudia.full.2853999.png,800,1384,Flower,477,894,493,913
Alice.Claudia.full.2853999.png,800,1384,Flower,494,913,511,929
Alice.Claudia.full.2853999.png,800,1384,Flower,548,889,589,930
Alice.Claudia.full.2853999.png,800,1384,Flower,463,824,498,867
Alice.Claudia.full.2853999.png,800,1384,Flower,441,853,467,886
Alice.Claudia.full.2853999.png,800,1384,Flower,156,774,190,811
Alice.Claudia.full.2853999.png,800,1384,Flower,186,756,248,812
Alice.Claudia.full.2853999.png,800,1384,Flower,201,798,241,830
Alice.Claudia.full.2853999.png,800,1384,Flower,255,770,290,798
Alice.Claudia.full.2853999.png,800,1384,Flower,398,733,449,787
Alice.Claudia.full.2853999.png,800,1384,Flower,446,744,477,771
Alice.Claudia.full.2853999.png,800,1384,Flower,542,598,571,660
Alice.Claudia.full.2853999.png,800,1384,Flower,515,627,566,693
Alice.Claudia.full.2853999.png,800,1384,Flower,60,152,103,212
Alice.Claudia.full.2853999.png,800,1384,Flower,8,116,51,163
Alice.Claudia.full.2853999.png,800,1384,Flower,27,78,78,124
Alice.Claudia.full.2853999.png,800,1384,Flower,66,83,133,141
Alice.Claudia.full.2853999.png,800,1384,Flower,116,131,215,209
Alice.Claudia.full.2853999.png,800,1384,Flower,644,365,688,431
Alice.Claudia.full.2853999.png,800,1384,Flower,1,372,53,427
Alice.Claudia.full.2853999.png,800,1384,Flower,74,374,135,438
Alice.Claudia.full.2853999.png,800,1384,Flower,5,220,46,305
Alice.Claudia.full.2853999.png,800,1384,Flower,96,27,167,89
Alice.Claudia.full.2853999.png,800,1384,Flower,667,342,719,404
Alice.Claudia.full.2853999.png,800,1384,Flower,653,423,731,471
Alice.Claudia.full.2853999.png,800,1384,Long Hair,23,107,755,1382
Alice.Claudia.full.2853999.png,800,1384,Female,119,98,638,1382
Alice.Claudia.full.2854002.png,1338,848,Text,43,40,118,70
Alice.Claudia.full.2854002.png,1338,848,Text,462,41,536,70
Alice.Claudia.full.2854002.png,1338,848,Text,896,95,1046,113
Alice.Claudia.full.2854002.png,1338,848,Text,894,120,957,135
Alice.Claudia.full.2854002.png,1338,848,Text,893,141,964,157
Alice.Claudia.full.2854002.png,1338,848,Text,894,164,1021,178
Alice.Claudia.full.2854002.png,1338,848,Text,916,175,1072,191
Alice.Claudia.full.2854002.png,1338,848,Text,893,194,1023,214
Alice.Claudia.full.2854002.png,1338,848,Text,927,208,1165,221
Alice.Claudia.full.2854002.png,1338,848,Text,927,218,1085,233
Alice.Claudia.full.2854002.png,1338,848,Text,929,231,1097,243
Alice.Claudia.full.2854002.png,1338,848,Text,895,250,1146,268
Alice.Claudia.full.2854002.png,1338,848,Text,895,273,999,289
Alice.Claudia.full.2854002.png,1338,848,Text,893,295,1072,311
Alice.Claudia.full.2854002.png,1338,848,Text,894,318,955,332
Alice.Claudia.full.2854002.png,1338,848,Text,893,341,1032,354
Alice.Claudia.full.2854002.png,1338,848,Text,894,363,1127,377
Alice.Claudia.full.2854002.png,1338,848,Text,925,376,1130,387
Alice.Claudia.full.2854002.png,1338,848,Text,927,385,1139,398
Alice.Claudia.full.2854002.png,1338,848,Text,930,397,1162,410
Alice.Claudia.full.2854002.png,1338,848,Text,929,407,1061,419
Alice.Claudia.full.2854002.png,1338,848,Text,931,416,1174,431
Alice.Claudia.full.2854002.png,1338,848,Text,898,439,1061,454
Alice.Claudia.full.2854002.png,1338,848,Text,935,451,1130,463
Alice.Claudia.full.2854002.png,1338,848,Text,935,465,1140,475
Alice.Claudia.full.2854002.png,1338,848,Text,895,484,1230,498
Alice.Claudia.full.2854002.png,1338,848,Text,928,493,1062,508
Alice.Claudia.full.2854002.png,1338,848,Text,925,507,1210,519
Alice.Claudia.full.2854002.png,1338,848,Text,930,514,998,529
Alice.Claudia.full.2854002.png,1338,848,Text,929,531,1086,541
Alice.Claudia.full.2854002.png,1338,848,Text,928,539,1163,553
Alice.Claudia.full.2854002.png,1338,848,Text,929,549,1105,561
Alice.Claudia.full.2854002.png,1338,848,Text,930,562,1162,575
Alice.Claudia.full.2854002.png,1338,848,Text,895,582,1249,597
Alice.Claudia.full.2854002.png,1338,848,Text,932,595,1242,605
Alice.Claudia.full.2854002.png,1338,848,Text,928,608,1088,616
Alice.Claudia.full.2854002.png,1338,848,Text,930,619,1230,628
Alice.Claudia.full.2854002.png,1338,848,Text,930,627,1164,639
Alice.Claudia.full.2854002.png,1338,848,Text,928,639,1206,651
Alice.Claudia.full.2854002.png,1338,848,Text,893,658,1140,675
Alice.Claudia.full.2854002.png,1338,848,Text,924,672,1140,683
Alice.Claudia.full.2854002.png,1338,848,Text,929,683,1151,695
Alice.Claudia.full.2854002.png,1338,848,Text,928,694,1120,706
Alice.Claudia.full.2854002.png,1338,848,Text,928,704,1208,715
Alice.Claudia.full.2854002.png,1338,848,Text,930,714,1109,727
Alice.Claudia.full.2854002.png,1338,848,book,492,239,568,302
Alice.Claudia.full.2854002.png,1338,848,book,68,239,149,306
Alice.Claudia.full.2854002.png,1338,848,Wings,22,296,447,482
Alice.Claudia.full.2854002.png,1338,848,Wings,448,298,869,483
Alice.Claudia.full.2854002.png,1338,848,Animal ears,154,33,279,105
Alice.Claudia.full.2854002.png,1338,848,Animal ears,581,33,702,108
Alice.Claudia.full.2854002.png,1338,848,Long Hair,41,81,412,786
Alice.Claudia.full.2854002.png,1338,848,Long Hair,464,81,835,788
Alice.Claudia.full.2854002.png,1338,848,heterochromia,178,167,258,189
Alice.Claudia.full.2854002.png,1338,848,heterochromia,604,167,683,189
Alice.Claudia.full.2854002.png,1338,848,Female,512,86,759,790
Alice.Claudia.full.2854002.png,1338,848,Female,93,82,329,800
Alice.Claudia.full.2854077.png,900,868,Animal ears,389,5,564,119
Alice.Claudia.full.2854077.png,900,868,Hat,451,10,528,67
Alice.Claudia.full.2854077.png,900,868,heterochromia,389,173,511,235
Alice.Claudia.full.2854077.png,900,868,Text,91,118,267,220
Alice.Claudia.full.2854077.png,900,868,Text,67,66,236,199
Alice.Claudia.full.2854077.png,900,868,Text,42,28,231,156
Alice.Claudia.full.2854077.png,900,868,Long Hair,112,45,840,863
Alice.Claudia.full.2854077.png,900,868,Female,206,78,591,864
Alice.Claudia.full.2856579.png,1000,1047,Animal ears,375,11,725,229
Alice.Claudia.full.2856579.png,1000,1047,Flower,715,137,785,218
Alice.Claudia.full.2856579.png,1000,1047,Flower,416,213,464,288
Alice.Claudia.full.2856579.png,1000,1047,Hat,494,76,628,173
Alice.Claudia.full.2856579.png,1000,1047,Wings,333,644,1000,912
Alice.Claudia.full.2856579.png,1000,1047,Text,66,939,176,978
Alice.Claudia.full.2856579.png,1000,1047,Text,61,886,227,940
Alice.Claudia.full.2856579.png,1000,1047,Text,56,474,320,676
Alice.Claudia.full.2856579.png,1000,1047,Text,63,61,434,472
Alice.Claudia.full.2856579.png,1000,1047,heterochromia,494,300,721,395
Alice.Claudia.full.2856579.png,1000,1047,Text,364,915,420,960
Alice.Claudia.full.2856579.png,1000,1047,Text,571,991,625,1046
Alice.Claudia.full.2856579.png,1000,1047,Long Hair,152,135,968,1039
Alice.Claudia.full.2856579.png,1000,1047,Female,326,109,836,1047
Alice.Claudia.full.2856686.png,1397,1395,Animal ears,411,90,860,228
Alice.Claudia.full.2856686.png,1397,1395,Hat,589,8,753,165
Alice.Claudia.full.2856686.png,1397,1395,Flower,863,164,917,224
Alice.Claudia.full.2856686.png,1397,1395,Flower,479,168,525,211
Alice.Claudia.full.2856686.png,1397,1395,Hair Bow,818,174,1045,714
Alice.Claudia.full.2856686.png,1397,1395,Hair Bow,353,200,525,622
Alice.Claudia.full.2856686.png,1397,1395,Text,1052,169,1342,696
Alice.Claudia.full.2856686.png,1397,1395,Text,64,360,345,494
Alice.Claudia.full.2856686.png,1397,1395,Text,40,283,327,418
Alice.Claudia.full.2856686.png,1397,1395,Text,18,167,406,312
Alice.Claudia.full.2856686.png,1397,1395,book,182,917,724,1276
Alice.Claudia.full.2856686.png,1397,1395,heterochromia,521,364,802,447
Alice.Claudia.full.2856686.png,1397,1395,Long Hair,1,84,1393,1275
Alice.Claudia.full.2856686.png,1397,1395,Bent Knees,181,906,1070,1347
Alice.Claudia.full.2856686.png,1397,1395,Female,175,78,1021,1378
Alice.Claudia.full.2857843.jpg,695,808,Text,105,190,202,225
Alice.Claudia.full.2857843.jpg,695,808,book,29,352,261,612
Alice.Claudia.full.2857843.jpg,695,808,heterochromia,445,223,606,283
Alice.Claudia.full.2857843.jpg,695,808,Flower,601,115,654,167
Alice.Claudia.full.2857843.jpg,695,808,Hat,454,52,554,124
Alice.Claudia.full.2857843.jpg,695,808,Animal ears,373,12,611,162
Alice.Claudia.full.2857843.jpg,695,808,Bent Knees,27,544,472,805
Alice.Claudia.full.2857843.jpg,695,808,Long Hair,362,80,693,688
Alice.Claudia.full.2857843.jpg,695,808,Female,37,84,658,803
Alice.Claudia.full.2857852.jpg,869,779,heterochromia,412,236,689,354
Alice.Claudia.full.2857852.jpg,869,779,Flower,306,430,406,510
Alice.Claudia.full.2857852.jpg,869,779,Flower,374,658,455,750
Alice.Claudia.full.2857852.jpg,869,779,Text,35,87,386,191
Alice.Claudia.full.2857852.jpg,869,779,Hair Bow,453,27,723,169
Alice.Claudia.full.2857852.jpg,869,779,Animal ears,345,1,864,188
Alice.Claudia.full.2857852.jpg,869,779,Female,16,67,803,779
Alice.Claudia.full.2857854.jpg,600,644,Animal ears,240,1,536,115
Alice.Claudia.full.2857854.jpg,600,644,Hat,331,20,445,101
Alice.Claudia.full.2857854.jpg,600,644,heterochromia,233,237,453,321
Alice.Claudia.full.2857854.jpg,600,644,Hair Bow,485,82,559,220
Alice.Claudia.full.2857854.jpg,600,644,Hair Bow,217,44,303,120
Alice.Claudia.full.2857854.jpg,600,644,Long Hair,198,59,600,643
Alice.Claudia.full.2857854.jpg,600,644,Female,12,58,559,642
Alice.Claudia.full.2857856.jpg,900,1371,Animal ears,405,17,688,175
Alice.Claudia.full.2857856.jpg,900,1371,heterochromia,421,324,654,385
Alice.Claudia.full.2857856.jpg,900,1371,Text,10,153,306,450
Alice.Claudia.full.2857856.jpg,900,1371,Long Hair,51,120,883,1222
Alice.Claudia.full.2857856.jpg,900,1371,Bent Knees,65,841,900,1366
Alice.Claudia.full.2857856.jpg,900,1371,Female,85,100,785,1343
Alice.Claudia.full.2857863.jpg,560,734,Animal ears,42,90,536,177
Alice.Claudia.full.2857863.jpg,560,734,Flower,118,198,160,251
Alice.Claudia.full.2857863.jpg,560,734,Flower,132,148,202,208
Alice.Claudia.full.2857863.jpg,560,734,Flower,187,108,254,177
Alice.Claudia.full.2857863.jpg,560,734,Flower,256,101,325,174
Alice.Claudia.full.2857863.jpg,560,734,Flower,321,121,381,187
Alice.Claudia.full.2857863.jpg,560,734,Flower,381,149,428,216
Alice.Claudia.full.2857863.jpg,560,734,Flower,416,208,450,253
Alice.Claudia.full.2857863.jpg,560,734,Open Mouth,265,361,284,374
Alice.Claudia.full.2857863.jpg,560,734,heterochromia,181,282,384,327
Alice.Claudia.full.2857863.jpg,560,734,Long Hair,8,134,550,732
Alice.Claudia.full.2857863.jpg,560,734,Female,65,80,495,734
Alice.Claudia.full.2857863.jpg,560,734,Text,19,32,152,48
Alice.Claudia.full.2857864.jpg,900,1627,Hair Bow,20,1150,110,1243
Alice.Claudia.full.2857864.jpg,900,1627,Hair Bow,120,887,191,979
Alice.Claudia.full.2857864.jpg,900,1627,Hair Bow,175,632,228,697
Alice.Claudia.full.2857864.jpg,900,1627,Hair Bow,268,471,331,529
Alice.Claudia.full.2857864.jpg,900,1627,Hair Bow,280,327,338,387
Alice.Claudia.full.2857864.jpg,900,1627,Wings,214,589,865,795
Alice.Claudia.full.2857864.jpg,900,1627,heterochromia,401,256,581,330
Alice.Claudia.full.2857864.jpg,900,1627,Animal ears,239,89,423,160
Alice.Claudia.full.2857864.jpg,900,1627,Hat,394,55,652,197
Alice.Claudia.full.2857864.jpg,900,1627,Flower,539,122,614,187
Alice.Claudia.full.2857864.jpg,900,1627,Flower,578,193,647,247
Alice.Claudia.full.2857864.jpg,900,1627,Text,68,298,238,356
Alice.Claudia.full.2857864.jpg,900,1627,Long Hair,52,126,604,1587
Alice.Claudia.full.2857864.jpg,900,1627,Female,285,124,723,1611
Alice.Claudia.full.2858532.png,900,819,Text,35,115,254,518
Alice.Claudia.full.2858532.png,900,819,Text,671,108,817,385
Alice.Claudia.full.2858532.png,900,819,Text,708,9,888,34
Alice.Claudia.full.2858532.png,900,819,Hair Bow,345,167,478,224
Alice.Claudia.full.2858532.png,900,819,Flower,534,196,587,261
Alice.Claudia.full.2858532.png,900,819,Flower,395,523,452,585
Alice.Claudia.full.2858532.png,900,819,Flower,364,519,407,564
Alice.Claudia.full.2858532.png,900,819,Flower,91,569,213,692
Alice.Claudia.full.2858532.png,900,819,Flower,652,227,791,364
Alice.Claudia.full.2858532.png,900,819,Flower,626,151,689,217
Alice.Claudia.full.2858532.png,900,819,Animal ears,280,13,548,137
Alice.Claudia.full.2858532.png,900,819,heterochromia,348,281,526,344
Alice.Claudia.full.2858532.png,900,819,Flower,356,447,400,495
Alice.Claudia.full.2858532.png,900,819,Long Hair,127,144,690,817
Alice.Claudia.full.2858532.png,900,819,Female,291,105,597,819
Alice.Claudia.full.2858685.jpg,2068,2955,heterochromia,1032,527,1420,701
Alice.Claudia.full.2858685.jpg,2068,2955,Animal ears,932,130,1726,454
Alice.Claudia.full.2858685.jpg,2068,2955,Hair Bow,1085,198,1491,448
Alice.Claudia.full.2858685.jpg,2068,2955,Flower,891,792,1032,933
Alice.Claudia.full.2858685.jpg,2068,2955,Flower,120,604,323,789
Alice.Claudia.full.2858685.jpg,2068,2955,Flower,173,1568,388,1760
Alice.Claudia.full.2858685.jpg,2068,2955,Flower,1656,1215,1812,1357
Alice.Claudia.full.2858685.jpg,2068,2955,Flower,153,1427,264,1542
Alice.Claudia.full.2858685.jpg,2068,2955,Flower,485,1415,567,1486
Alice.Claudia.full.2858685.jpg,2068,2955,Flower,409,1292,482,1365
Alice.Claudia.full.2858685.jpg,2068,2955,Flower,494,1265,520,1301
Alice.Claudia.full.2858685.jpg,2068,2955,Flower,482,1210,523,1251
Alice.Claudia.full.2858685.jpg,2068,2955,Flower,388,221,570,392
Alice.Claudia.full.2858685.jpg,2068,2955,Flower,123,1298,223,1371
Alice.Claudia.full.2858685.jpg,2068,2955,Flower,153,1186,300,1312
Alice.Claudia.full.2858685.jpg,2068,2955,Flower,347,1198,420,1271
Alice.Claudia.full.2858685.jpg,2068,2955,Flower,364,1083,453,1165
Alice.Claudia.full.2858685.jpg,2068,2955,Flower,317,1127,388,1186
Alice.Claudia.full.2858685.jpg,2068,2955,Flower,1520,1445,1585,1510
Alice.Claudia.full.2858685.jpg,2068,2955,Flower,1562,1415,1667,1527
Alice.Claudia.full.2858685.jpg,2068,2955,Flower,1676,1486,1767,1560
Alice.Claudia.full.2858685.jpg,2068,2955,Flower,1747,1486,1850,1577
Alice.Claudia.full.2858685.jpg,2068,2955,Flower,1673,1389,1779,1492
Alice.Claudia.full.2858685.jpg,2068,2955,Flower,1812,1292,1912,1410
Alice.Claudia.full.2858685.jpg,2068,2955,Flower,1738,1168,1853,1274
Alice.Claudia.full.2858685.jpg,2068,2955,Flower,1832,1133,1926,1195
Alice.Claudia.full.2858685.jpg,2068,2955,Flower,1867,1201,1932,1280
Alice.Claudia.full.2858685.jpg,2068,2955,Flower,1867,1448,1959,1551
Alice.Claudia.full.2858685.jpg,2068,2955,Flower,1826,1598,1944,1718
Alice.Claudia.full.2858685.jpg,2068,2955,Flower,1517,1642,1541,1680
Alice.Claudia.full.2858685.jpg,2068,2955,Flower,1482,1674,1520,1704
Alice.Claudia.full.2858685.jpg,2068,2955,Flower,620,1642,700,1707
Alice.Claudia.full.2858685.jpg,2068,2955,Flower,659,1712,744,1762
Alice.Claudia.full.2858685.jpg,2068,2955,Flower,576,1586,638,1642
Alice.Claudia.full.2858685.jpg,2068,2955,Flower,656,1530,700,1568
Alice.Claudia.full.2858685.jpg,2068,2955,Flower,735,1289,817,1354
Alice.Claudia.full.2858685.jpg,2068,2955,Flower,703,1198,753,1274
Alice.Claudia.full.2858685.jpg,2068,2955,Flower,985,1151,1109,1268
Alice.Claudia.full.2858685.jpg,2068,2955,Flower,1150,1668,1197,1736
Alice.Claudia.full.2858685.jpg,2068,2955,Flower,964,1736,1026,1795
Alice.Claudia.full.2858685.jpg,2068,2955,Flower,138,1660,203,1739
Alice.Claudia.full.2858685.jpg,2068,2955,Flower,167,1715,223,1792
Alice.Claudia.full.2858685.jpg,2068,2955,Flower,370,1507,476,1610
Alice.Claudia.full.2858685.jpg,2068,2955,Flower,117,1468,144,1524
Alice.Claudia.full.2858685.jpg,2068,2955,Flower,120,1539,176,1607
Alice.Claudia.full.2858685.jpg,2068,2955,Flower,1264,930,1341,1004
Alice.Claudia.full.2858685.jpg,2068,2955,Flower,1317,968,1367,1018
Alice.Claudia.full.2858685.jpg,2068,2955,Long Hair,129,262,1947,1224
Alice.Claudia.full.2858685.jpg,2068,2955,Female,423,265,1617,1786
Alice.Claudia.full.2858685.jpg,2068,2955,Text,173,1830,391,1880
Alice.Claudia.full.2858685.jpg,2068,2955,Text,162,1904,500,1936
Alice.Claudia.full.2858685.jpg,2068,2955,Text,170,1930,753,1974
Alice.Claudia.full.2858685.jpg,2068,2955,Text,162,2004,962,2036
Alice.Claudia.full.2858685.jpg,2068,2955,Text,159,2039,938,2068
Alice.Claudia.full.2858685.jpg,2068,2955,Text,162,2068,956,2101
Alice.Claudia.full.2858685.jpg,2068,2955,Text,144,2101,970,2133
Alice.Claudia.full.2858685.jpg,2068,2955,Text,164,2136,526,2162
Alice.Claudia.full.2858685.jpg,2068,2955,Text,179,2171,626,2204
Alice.Claudia.full.2858685.jpg,2068,2955,Text,170,2233,970,2271
Alice.Claudia.full.2858685.jpg,2068,2955,Text,159,2268,532,2304
Alice.Claudia.full.2858685.jpg,2068,2955,Text,162,2307,967,2336
Alice.Claudia.full.2858685.jpg,2068,2955,Text,156,2342,973,2374
Alice.Claudia.full.2858685.jpg,2068,2955,Text,164,2380,335,2404
Alice.Claudia.full.2858685.jpg,2068,2955,Text,164,2407,806,2439
Alice.Claudia.full.2858685.jpg,2068,2955,Text,164,2480,979,2501
Alice.Claudia.full.2858685.jpg,2068,2955,Text,162,2507,832,2539
Alice.Claudia.full.2858685.jpg,2068,2955,Text,170,2545,841,2574
Alice.Claudia.full.2858685.jpg,2068,2955,Text,153,2580,985,2610
Alice.Claudia.full.2858685.jpg,2068,2955,Text,179,2612,641,2642
Alice.Claudia.full.2858685.jpg,2068,2955,Text,164,2648,444,2671
Alice.Claudia.full.2858685.jpg,2068,2955,Text,156,2671,894,2715
Alice.Claudia.full.2858685.jpg,2068,2955,Text,1064,1818,1797,1862
Alice.Claudia.full.2858685.jpg,2068,2955,Text,1053,1860,1864,1895
Alice.Claudia.full.2858685.jpg,2068,2955,Text,1056,1883,1414,1933
Alice.Claudia.full.2858685.jpg,2068,2955,Text,1070,1954,1873,1995
Alice.Claudia.full.2858685.jpg,2068,2955,Text,1064,2001,1470,2030
Alice.Claudia.full.2858685.jpg,2068,2955,Text,1062,2021,1859,2057
Alice.Claudia.full.2858685.jpg,2068,2955,Text,1070,2089,1867,2115
Alice.Claudia.full.2858685.jpg,2068,2955,Text,1050,2124,1867,2157
Alice.Claudia.full.2858685.jpg,2068,2955,Text,1041,2157,1517,2195
Alice.Claudia.full.2858685.jpg,2068,2955,Text,1064,2230,1879,2260
Alice.Claudia.full.2858685.jpg,2068,2955,Text,1062,2257,1482,2301
Alice.Claudia.full.2858685.jpg,2068,2955,Text,1067,2298,1782,2324
Alice.Claudia.full.2858685.jpg,2068,2955,Text,1053,2324,1826,2362
Alice.Claudia.full.2858685.jpg,2068,2955,Text,1062,2398,1220,2439
Alice.Claudia.full.2858685.jpg,2068,2955,Text,1053,2512,1135,2542
Alice.Claudia.full.2858685.jpg,2068,2955,Text,1047,2560,1329,2589
Alice.Claudia.full.2858685.jpg,2068,2955,Text,1059,2592,1226,2615
Alice.Claudia.full.2858685.jpg,2068,2955,Text,1067,2621,1276,2645
Alice.Claudia.full.2858685.jpg,2068,2955,Text,1059,2660,1373,2689
Alice.Claudia.full.2858685.jpg,2068,2955,Text,1047,2686,1341,2718
Alice.Claudia.full.2858685.jpg,2068,2955,Text,1050,2730,1509,2757
Alice.Claudia.full.2858685.jpg,2068,2955,Text,1582,2504,1885,2536
Alice.Claudia.full.2858685.jpg,2068,2955,Text,1582,2539,1894,2583
Alice.Claudia.full.2858685.jpg,2068,2955,Text,1591,2680,1888,2710
Alice.Claudia.full.2858685.jpg,2068,2955,Text,1591,2715,1885,2748
Alice.Claudia.full.2858685.jpg,2068,2955,book,88,198,385,571
Alice.Claudia.full.2858685.jpg,2068,2955,book,112,121,632,245
Alice.Claudia.full.2858685.jpg,2068,2955,book,1614,127,1938,380
Alastor.(Hazbin).full.2821993.jpg,2709,2551,Animal ears,561,224,1658,1067
Alastor.(Hazbin).full.2821993.jpg,2709,2551,Hat,661,142,1509,829
Alastor.(Hazbin).full.2821993.jpg,2709,2551,Smile,1317,1070,1540,1239
Alastor.(Hazbin).full.2821993.jpg,2709,2551,Text,466,1170,912,1219
Alastor.(Hazbin).full.2821993.jpg,2709,2551,Text,474,1065,863,1144
Alastor.(Hazbin).full.2821993.jpg,2709,2551,Short Hair,974,552,1725,1457
Alastor.(Hazbin).full.2821993.jpg,2709,2551,Male,722,380,2104,2551
Alastor.(Hazbin).full.2831030.jpg,2480,3508,Animal ears,1138,432,2045,1197
Alastor.(Hazbin).full.2831030.jpg,2480,3508,Smile,1309,1579,1588,1797
Alastor.(Hazbin).full.2831030.jpg,2480,3508,Short Hair,1013,918,2188,2036
Alastor.(Hazbin).full.2831030.jpg,2480,3508,Text,248,3272,791,3429
Alastor.(Hazbin).full.2831030.jpg,2480,3508,Male,570,879,2252,3508
